{"trees": [{"x": 75, "y": 600}, {"x": 150, "y": 600}, {"x": 525, "y": 600}, {"x": 600, "y": 600}, {"x": 675, "y": 600}, {"x": 750, "y": 600}, {"x": 750, "y": 700}, {"x": 675, "y": 700}, {"x": 675, "y": 1000}, {"x": 675, "y": 1100}, {"x": 750, "y": 1100}, {"x": 750, "y": 1000}, {"x": 600, "y": 1100}, {"x": 525, "y": 1100}, {"x": 150, "y": 1100}, {"x": 75, "y": 1100}, {"x": 0, "y": 1100}, {"x": 0, "y": 1000}, {"x": 0, "y": 900}, {"x": 0, "y": 800}, {"x": 0, "y": 700}, {"x": 825, "y": 1100}, {"x": 900, "y": 1100}, {"x": 975, "y": 1100}, {"x": 1050, "y": 1100}, {"x": 1125, "y": 1100}, {"x": 1200, "y": 1100}, {"x": 1275, "y": 1100}, {"x": 1350, "y": 1100}, {"x": 1425, "y": 1100}, {"x": 1500, "y": 1100}, {"x": 1575, "y": 1100}, {"x": 1500, "y": 1000}, {"x": 1575, "y": 1000}, {"x": 1575, "y": 900}, {"x": 1575, "y": 800}, {"x": 1575, "y": 700}, {"x": 1575, "y": 600}, {"x": 1500, "y": 600}, {"x": 1425, "y": 600}, {"x": 1350, "y": 600}, {"x": 1275, "y": 600}, {"x": 975, "y": 600}, {"x": 900, "y": 600}, {"x": 900, "y": 0}, {"x": 975, "y": 0}, {"x": 1050, "y": 0}, {"x": 1200, "y": 0}, {"x": 1350, "y": 0}, {"x": 1425, "y": 0}, {"x": 1500, "y": 0}, {"x": 1500, "y": 100}, {"x": 1500, "y": 200}, {"x": 1500, "y": 300}, {"x": 1500, "y": 400}, {"x": 1500, "y": 500}, {"x": 1425, "y": 500}, {"x": 1350, "y": 500}, {"x": 1275, "y": 500}, {"x": 975, "y": 500}, {"x": 900, "y": 500}, {"x": 825, "y": 500}, {"x": 750, "y": 500}, {"x": 750, "y": 400}, {"x": 750, "y": 100}, {"x": 750, "y": 0}, {"x": 525, "y": 700}, {"x": 525, "y": 1000}, {"x": 1275, "y": 800}, {"x": 1275, "y": 900}, {"x": 1125, "y": 0}, {"x": 1275, "y": 0}, {"x": 675, "y": 500}, {"x": 600, "y": 500}, {"x": 525, "y": 500}, {"x": 150, "y": 500}, {"x": 75, "y": 500}, {"x": 0, "y": 500}, {"x": 0, "y": 400}, {"x": 0, "y": 300}, {"x": 0, "y": 200}, {"x": 0, "y": 100}, {"x": 75, "y": 0}, {"x": 150, "y": 0}, {"x": 225, "y": 0}, {"x": 375, "y": 0}, {"x": 450, "y": 0}, {"x": 525, "y": 0}, {"x": 600, "y": 0}, {"x": 675, "y": 0}, {"x": 300, "y": 0}, {"x": 0, "y": 0}, {"x": 300, "y": 200}, {"x": 375, "y": 200}, {"x": 375, "y": 300}, {"x": 300, "y": 300}, {"x": 1575, "y": 500}, {"x": 1575, "y": 400}, {"x": 1575, "y": 300}, {"x": 1575, "y": 200}, {"x": 1575, "y": 100}, {"x": 1575, "y": 0}, {"x": 1125, "y": 200}, {"x": 1200, "y": 200}, {"x": 1275, "y": 200}, {"x": 1200, "y": 300}, {"x": 1125, "y": 300}, {"x": 1275, "y": 300}, {"x": 0, "y": 600}, {"x": 150, "y": 800}, {"x": 150, "y": 900}, {"x": 600, "y": 1000}, {"x": 600, "y": 700}, {"x": 75, "y": 1200}, {"x": 0, "y": 1200}, {"x": 150, "y": 1200}, {"x": 600, "y": 1200}, {"x": 675, "y": 1200}, {"x": 750, "y": 1200}, {"x": 750, "y": 1300}, {"x": 750, "y": 1400}, {"x": 750, "y": 1600}, {"x": 750, "y": 1500}, {"x": 750, "y": 1700}, {"x": 675, "y": 1700}, {"x": 600, "y": 1700}, {"x": 450, "y": 1600}, {"x": 525, "y": 1700}, {"x": 450, "y": 1700}, {"x": 375, "y": 1700}, {"x": 300, "y": 1700}, {"x": 225, "y": 1700}, {"x": 150, "y": 1700}, {"x": 75, "y": 1700}, {"x": 0, "y": 1700}, {"x": 0, "y": 1600}, {"x": 0, "y": 1500}, {"x": 0, "y": 1400}, {"x": 0, "y": 1300}, {"x": 300, "y": 1400}, {"x": 375, "y": 1400}, {"x": 450, "y": 1400}, {"x": 825, "y": 600}, {"x": 825, "y": 0}, {"x": 524, "y": 152}, {"x": 1043, "y": 783}], "chests": [{"x": 1425, "y": 400}, {"x": 900, "y": 800}, {"x": 1125, "y": 1000}, {"x": 1425, "y": 800}, {"x": 150, "y": 1500}, {"x": 375, "y": 1500}, {"x": 600, "y": 1500}, {"x": 310, "y": 746}, {"x": 595, "y": 879}, {"x": 298, "y": 1044}, {"x": 189, "y": 387}, {"x": 401, "y": 460}], "cuccos": [{"x": 805, "y": 848}, {"x": 253, "y": 132}, {"x": 243, "y": 343}, {"x": 700, "y": 135}, {"x": 615, "y": 463}], "linkx": 573, "linky": 337}